{
  "config": {
    "video_tokens": 16,
    "audio_tokens": 64,
    "model_dim": 32,
    "temperature": 0.2,
    "theta": 10000.0,
    "seed": 7
  },
  "class_names": [
    "speech",
    "drum",
    "bird",
    "engine"
  ],
  "variants": [
    {
      "name": "unscaled",
      "audio_rope_scale": 1.0,
      "video_to_audio": {
        "alignment_error": 24.0,
        "accuracy": 0.25,
        "peak_indices": [
          0,
          1,
          2,
          3,
          4,
          5,
          6,
          7,
          8,
          9,
          10,
          11,
          12,
          13,
          14,
          15
        ]
      },
      "audio_to_video": {
        "alignment_error": 5.09375,
        "accuracy": 0.25,
        "peak_indices": [
          0,
          1,
          2,
          3,
          4,
          5,
          6,
          7,
          8,
          9,
          10,
          11,
          12,
          13,
          14,
          15,
          15,
          5,
          6,
          7,
          8,
          9,
          10,
          11,
          12,
          13,
          14,
          15,
          15,
          5,
          6,
          7,
          0,
          1,
          2,
          3,
          4,
          5,
          6,
          7,
          8,
          9,
          10,
          11,
          0,
          1,
          2,
          3,
          4,
          5,
          6,
          7,
          8,
          9,
          10,
          11,
          12,
          13,
          14,
          15,
          4,
          5,
          6,
          7
        ]
      }
    },
    {
      "name": "scaled",
      "audio_rope_scale": 0.25,
      "video_to_audio": {
        "alignment_error": 1.5,
        "accuracy": 0.9375,
        "peak_indices": [
          0,
          4,
          8,
          12,
          16,
          20,
          24,
          28,
          32,
          36,
          40,
          44,
          48,
          52,
          56,
          60
        ]
      },
      "audio_to_video": {
        "alignment_error": 0.234375,
        "accuracy": 0.84375,
        "peak_indices": [
          0,
          0,
          0,
          1,
          1,
          1,
          1,
          2,
          2,
          2,
          2,
          3,
          3,
          3,
          3,
          4,
          4,
          4,
          4,
          5,
          5,
          5,
          5,
          6,
          6,
          6,
          6,
          7,
          7,
          7,
          7,
          8,
          8,
          8,
          8,
          9,
          9,
          9,
          9,
          10,
          10,
          10,
          10,
          11,
          11,
          11,
          11,
          12,
          12,
          12,
          12,
          13,
          13,
          13,
          13,
          14,
          14,
          14,
          14,
          15,
          15,
          15,
          15,
          15
        ]
      }
    }
  ]
}
